{"last_exit": {"BEATUSDT": [1773953156.4825203, 134], "DEXEUSDT": [1773954786.8891459, 158]}, "fast_track": {}}